<?xml version="1.0" encoding="UTF-8"?>
<beans 
xmlns="http://www.springframework.org/schema/beans"
xmlns:xsi="http://www.w3.org/2001/XMLSchema-instance"
xmlns:p="http://www.springframework.org/schema/p"
xsi:schemaLocation="http://www.springframework.org/schema/beans
http://www.springframework.org/schema/beans/spring-beans-3.0.xsd">
	<bean id="trainBean" class="com.Train.Train">
		<property name="trainNo">
			<value>1001</value>
		</property>
		<property name="trainName">
			<value>Delhi Express</value>
		</property>
		<property name="source">
			<value>Delhi</value>
		</property>
		<property name="destination">
			<value>Bangalore</value>
		</property>
		<property name="ticketPrice">
			<value>1500</value>
		</property>
	</bean>
	<bean id="trainBean1" class="com.Train.Train">
		<property name="trainNo">
			<value>1002</value>
		</property>
		<property name="trainName">
			<value>Andhra Express</value>
		</property>
		<property name="source">
			<value>Delhi</value>
		</property>
		<property name="destination">
			<value>Hyderabad</value>
		</property>
		<property name="ticketPrice">
			<value>2500</value>
		</property>
	</bean>
	<bean id="trainBean2" class="com.Train.Train">
		<property name="trainNo">
			<value>1003</value>
		</property>
		<property name="trainName">
			<value>Visaka Express</value>
		</property>
		<property name="source">
			<value>Vizag</value>
		</property>
		<property name="destination">
			<value>Hyderabad</value>
		</property>
		<property name="ticketPrice">
			<value>2500</value>
		</property>
	</bean>
	<bean id="trainBean3" class="com.Train.Train">
	<constructor-arg value="1004" type="int"></constructor-arg>
	<constructor-arg value="Tirumala Express" type="String"></constructor-arg>
	<constructor-arg value="Visakapatnam" type="String"></constructor-arg>
	<constructor-arg value="Tirupathi" type="String"></constructor-arg>
	<constructor-arg value="2750" type="int"></constructor-arg>
	</bean>
</beans>