<?xml version="1.0" encoding="UTF-8"?>
<beans 
xmlns="http://www.springframework.org/schema/beans"
xmlns:xsi="http://www.w3.org/2001/XMLSchema-instance"
xmlns:p="http://www.springframework.org/schema/p"
xsi:schemaLocation="http://www.springframework.org/schema/beans
http://www.springframework.org/schema/beans/spring-beans-3.0.xsd">
<!-- Dependency Injection -->
<!-- 
1.Constructor
	we will create a bean and give an id for that and specify the what class to be put in bean
	with constructor-arg we will initiate the values(how many parameters we have for that constructor we will specify that many)
2.Getter and setter
	we will create a bean and give id for that and specify which class to be injected in class
	and we will use property (which is the attribute name) and value(value for that attribute)
 -->
<!-- Inversion of Control(IOC) Container have 2 types 
1.BeanFactory  
	Choose the resource and Set the path.
	Using bean factory we will set the context and create the object an invoke.
2.Application Context
	We will directly create the context and invoke the object and use that to methods.

-->
<bean id="userBean" class="com.example.User">
	<constructor-arg value="Vardhan" type="String"></constructor-arg>
	<constructor-arg value="vardhan123" type="String"></constructor-arg>
	<constructor-arg value="12" type="int"></constructor-arg>
</bean>
</beans>
